color,color,proportion
 Black and White,124,3.301384451544196
Color,3632,96.6986155484558
