content_rating,content_rating,proportion
Approved,17,0.45260915867944623
G,87,2.31629392971246
GP,1,0.026624068157614485
M,2,0.05324813631522897
NC-17,6,0.1597444089456869
Not Rated,34,0.9052183173588925
PG,566,15.069222577209798
PG-13,1308,34.82428115015975
Passed,3,0.07987220447284345
R,1700,45.260915867944625
Unrated,22,0.5857294994675186
X,10,0.26624068157614483
